Workbook

Sheet Atividade Trimestral 1
A1: Escola fundamental
A2: Avaliação 1o. Trimestre
A3: andré Pinheiro | B3: Participação | C3: Trabalho | D3: Avaliação periodica | E3: Prova final | F3: No. De Faltas | G3: Média
A4: Disciplinas
A5: Matemática | B5: 6.25 | C5: 7.25 | D5: 6 | E5: 5 | F5: 20 | G5: =AVERAGE(B5:E5) -> 6.125
A6: História | B6: 4 | C6: 5.5 | D6: 6 | E6: 6 | F6: 6 | G6: =AVERAGE(B6:E6) -> 5.375
A7: Lingua portuguesa | B7: 6.25 | C7: 5.25 | D7: 8.25 | E7: 7 | F7: 5 | G7: =AVERAGE(B7:E7) -> 6.6875
A8: Geografia | B8: 5.5 | C8: 8 | D8: 6.5 | E8: 7.35 | F8: 0 | G8: =AVERAGE(B8:E8) -> 6.8375
A9: CiÊncias | B9: 7 | C9: 9.5 | D9: 8.25 | E9: 7 | F9: 0 | G9: =AVERAGE(B9:E9) -> 7.9375
A10: Educação Artisca | B10: 9.25 | C10: 8 | D10: 9 | E10: 10 | F10: 2 | G10: =AVERAGE(B10:E10) -> 9.0625
A11: Educação fisica | B11: 8 | C11: 9.5 | D11: 8 | E11: 8 | F11: 0 | G11: =AVERAGE(B11:E11) -> 8.375
A12: Ensino Religioso | B12: 7.25 | C12: 8.25 | D12: 6.5 | E12: 9.25 | F12: 2 | G12: =AVERAGE(B12:E12) -> 7.8125
A13: Informatica | B13: 10 | C13: 8.25 | D13: 7 | E13: 9.5 | F13: 0 | G13: =AVERAGE(B13:E13) -> 8.6875
A15: total de Faltas | B15: =SUM(F5:F12) -> 35
A16: Maior Nota | B16: =MAX(G5:G13) -> 9.0625
A17: Manor nota | B17: =MIN(G5:G13) -> 5.375

Sheet Atividade Trimestral (2)
A1: Escola fundamental
A2: Avaliação 1o. Trimestre
A3: andré Pinheiro | B3: Participação | C3: Trabalho | D3: Avaliação periodica | E3: Prova final | F3: No. De Faltas | G3: Média
A4: Disciplinas
A5: Matemática | B5: 7 | C5: 5 | D5: 5.5 | E5: 5.5 | F5: 21 | G5: =AVERAGE(B5:E5) -> 5.75
A6: História | B6: 7 | C6: 6 | D6: 7 | E6: 7 | F6: 6 | G6: =AVERAGE(B6:E6) -> 6.75
A7: Lingua portuguesa | B7: 8 | C7: 6 | D7: 8 | E7: 7 | F7: 5 | G7: =AVERAGE(B7:E7) -> 7.25
A8: Geografia | B8: 7 | C8: 7 | D8: 7 | E8: 7.25 | F8: 0 | G8: =AVERAGE(B8:E8) -> 7.0625
A9: CiÊncias | B9: 7 | C9: 6 | D9: 8.25 | E9: 7 | F9: 0 | G9: =AVERAGE(B9:E9) -> 7.0625
A10: Educação Artisca | B10: 7 | C10: 7 | D10: 6 | E10: 10 | F10: 2 | G10: =AVERAGE(B10:E10) -> 7.5
A11: Educação fisica | B11: 8 | C11: 7 | D11: 7 | E11: 7 | F11: 0 | G11: =AVERAGE(B11:E11) -> 7.25
A12: Ensino Religioso | B12: 7.25 | C12: 8 | D12: 7 | E12: 9.25 | F12: 2 | G12: =AVERAGE(B12:E12) -> 7.875
A13: Informatica | B13: 7 | C13: 7 | D13: 7 | E13: 9.5 | F13: 0 | G13: =AVERAGE(B13:E13) -> 7.625
A15: total de Faltas | B15: =SUM(F5:F12) -> 36
A16: Maior Nota | B16: =MAX(G5:G13) -> 7.875
A17: Manor nota | B17: =MIN(G5:G13) -> 5.75

Sheet Atividade Trimestral (3)
A1: Escola fundamental
A2: Avaliação 1o. Trimestre
A3: andré Pinheiro | B3: Participação | C3: Trabalho | D3: Avaliação periodica | E3: Prova final | F3: No. De Faltas | G3: Média
A4: Disciplinas
A5: Matemática | B5: 5 | C5: 5 | D5: 4 | E5: 4 | F5: 1 | G5: =AVERAGE(B5:E5) -> 4.5
A6: História | B6: 8 | C6: 6 | D6: 6 | E6: 8 | F6: 2 | G6: =AVERAGE(B6:E6) -> 7
A7: Lingua portuguesa | B7: 6.25 | C7: 5.25 | D7: 8.25 | E7: 7 | F7: 1 | G7: =AVERAGE(B7:E7) -> 6.6875
A8: Geografia | B8: 5.5 | C8: 8 | D8: 6.5 | E8: 7.25 | F8: 2 | G8: =AVERAGE(B8:E8) -> 6.8125
A9: CiÊncias | B9: 7 | C9: 9.5 | D9: 8.25 | E9: 7 | F9: 1 | G9: =AVERAGE(B9:E9) -> 7.9375
A10: Educação Artisca | B10: 9.25 | C10: 8 | D10: 9 | E10: 10 | F10: 0 | G10: =AVERAGE(B10:E10) -> 9.0625
A11: Educação fisica | B11: 8 | C11: 10 | D11: 9 | E11: 9 | F11: 0 | G11: =AVERAGE(B11:E11) -> 9
A12: Ensino Religioso | B12: 7.25 | C12: 8.25 | D12: 6.5 | E12: 9.25 | F12: 2 | G12: =AVERAGE(B12:E12) -> 7.8125
A13: Informatica | B13: 10 | C13: 8.25 | D13: 7 | E13: 9.5 | F13: 0 | G13: =AVERAGE(B13:E13) -> 8.6875
A15: total de Faltas | B15: =SUM(F5:F12) -> 9
A16: Maior Nota | B16: =MAX(G5:G13) -> 9.0625
A17: Manor nota | B17: =MIN(G5:G13) -> 4.5

Sheet Avaliação final
A1: Escola Fundamental
A2: Aluno | B2: André Pinheiro
A3: Disciplinas | B3: 1o. Trimestre | C3: 2o. Trimestre | D3: 3o. Trimestre | E3: Faltas | F3: Média final
A4: Matemática | B4: ='Atividade Trimestral 1'!G5 -> 6.125 | C4: ='Atividade Trimestral (2)'!G5 -> 5.75 | D4: ='Atividade Trimestral (3)'!G5 -> 4.5 | E4: ='Atividade Trimestral 1'!F5+'Atividade Trimestral (2)'!F5+'Atividade Trimestral (3)'!F5 -> 42 | F4: =AVERAGE(B4:D4) -> 5.4583333
A5: História | B5: ='Atividade Trimestral 1'!G6 -> 5.375 | C5: ='Atividade Trimestral (2)'!G6 -> 6.75 | D5: ='Atividade Trimestral (3)'!G6 -> 7 | E5: ='Atividade Trimestral 1'!F6+'Atividade Trimestral (2)'!F6+'Atividade Trimestral (3)'!F6 -> 14 | F5: =AVERAGE(B5:D5) -> 6.375
A6: Lingua portuguesa | B6: ='Atividade Trimestral 1'!G7 -> 6.6875 | C6: ='Atividade Trimestral (2)'!G7 -> 7.25 | D6: ='Atividade Trimestral (3)'!G7 -> 6.6875 | E6: ='Atividade Trimestral 1'!F7+'Atividade Trimestral (2)'!F7+'Atividade Trimestral (3)'!F7 -> 11 | F6: =AVERAGE(B6:D6) -> 6.875
A7: Geografia | B7: ='Atividade Trimestral 1'!G8 -> 6.8375 | C7: ='Atividade Trimestral (2)'!G8 -> 7.0625 | D7: ='Atividade Trimestral (3)'!G8 -> 6.8125 | E7: ='Atividade Trimestral 1'!F8+'Atividade Trimestral (2)'!F8+'Atividade Trimestral (3)'!F8 -> 2 | F7: =AVERAGE(B7:D7) -> 6.9041667
A8: CiÊncias | B8: ='Atividade Trimestral 1'!G9 -> 7.9375 | C8: ='Atividade Trimestral (2)'!G9 -> 7.0625 | D8: ='Atividade Trimestral (3)'!G9 -> 7.9375 | E8: ='Atividade Trimestral 1'!F9+'Atividade Trimestral (2)'!F9+'Atividade Trimestral (3)'!F9 -> 1 | F8: =AVERAGE(B8:D8) -> 7.6458333
A9: Educação Artisca | B9: ='Atividade Trimestral 1'!G10 -> 9.0625 | C9: ='Atividade Trimestral (2)'!G10 -> 7.5 | D9: ='Atividade Trimestral (3)'!G10 -> 9.0625 | E9: ='Atividade Trimestral 1'!F10+'Atividade Trimestral (2)'!F10+'Atividade Trimestral (3)'!F10 -> 4 | F9: =AVERAGE(B9:D9) -> 8.5416667
A10: Educação fisica | B10: ='Atividade Trimestral 1'!G11 -> 8.375 | C10: ='Atividade Trimestral (2)'!G11 -> 7.25 | D10: ='Atividade Trimestral (3)'!G11 -> 9 | E10: ='Atividade Trimestral 1'!F11+'Atividade Trimestral (2)'!F11+'Atividade Trimestral (3)'!F11 -> 0 | F10: =AVERAGE(B10:D10) -> 8.2083333
A11: Ensino Religioso | B11: ='Atividade Trimestral 1'!G12 -> 7.8125 | C11: ='Atividade Trimestral (2)'!G12 -> 7.875 | D11: ='Atividade Trimestral (3)'!G12 -> 7.8125 | E11: ='Atividade Trimestral 1'!F12+'Atividade Trimestral (2)'!F12+'Atividade Trimestral (3)'!F12 -> 6 | F11: =AVERAGE(B11:D11) -> 7.8333333
A12: Informatica | B12: ='Atividade Trimestral 1'!G13 -> 8.6875 | C12: ='Atividade Trimestral (2)'!G13 -> 7.625 | D12: ='Atividade Trimestral (3)'!G13 -> 8.6875 | E12: ='Atividade Trimestral 1'!F13+'Atividade Trimestral (2)'!F13+'Atividade Trimestral (3)'!F13 -> 0 | F12: =AVERAGE(B12:D12) -> 8.3333333
D13: total de faltas | E13: =E4+E5+E6+E7+E8+E9+E10+E11+E12 -> 80
